{
  "aau": {
    "nameNative": "Abau",
    "nameEnglish": "Abau"
  },
  "abq": {
    "nameNative": "Абаза Бызшва",
    "nameEnglish": "Abaza"
  },
  "ab": {
    "nameNative": "Aҧсуа бызшәа",
    "nameEnglish": "Abkhaz"
  },
  "ady": {
    "nameNative": "Адыгaбзэ",
    "nameEnglish": "Adyghe"
  },
  "kbd": {
    "nameNative": "Адыгэбзэ",
    "nameEnglish": "Kabardian"
  },
  "af": {
    "nameNative": "Afrikaans",
    "nameEnglish": "Afrikaans"
  },
  "oj": {
    "nameNative": "ᐊᓂᔑᓈᐯ",
    "nameEnglish": "Ojibwe"
  },
  "ain": {
    "nameNative": "アイヌイタク",
    "nameEnglish": "Ainu"
  },
  "ar": {
    "nameNative": "العربية",
    "nameEnglish": "Arabic"
  },
  "ar-sa": {
    "nameNative": "العربية - اللهجة السعودية",
    "nameEnglish": "Arabic, Saudi Arabian"
  },
  "ar-dz": {
    "nameNative": "العربية - اللهجة الجزائرية",
    "nameEnglish": "Arabic, Algerian"
  },
  "ar-acy": {
    "nameNative": "Sanna",
    "nameEnglish": "Arabic, Cypriot Maronite"
  },
  "ar-afb": {
    "nameNative": "العربية - اللهجة الخليجية",
    "nameEnglish": "Arabic, Gulf"
  },
  "ar-eg": {
    "nameNative": "العربية - اللهجة المصرية",
    "nameEnglish": "Arabic, Egyptian"
  },
  "ar-ma": {
    "nameNative": "العربية - اللهجة المغربية",
    "nameEnglish": "Arabic, Moroccan"
  },
  "ar-apc": {
    "nameNative": "العربية - اللهجة الشامية",
    "nameEnglish": "Arabic, Levantine"
  },
  "ar-lb": {
    "nameNative": "العربية - اللهجة اللبنانية",
    "nameEnglish": "Arabic, Lebanese"
  },
  "ar-ly": {
    "nameNative": "العربية - اللهجة الشامية",
    "nameEnglish": "Arabic, Libyan"
  },
  "ar-iq": {
    "nameNative": "العربية - اللهجة العراقية",
    "nameEnglish": "Arabic, Iraqi"
  },
  "ar-sd": {
    "nameNative": "العربية - اللهجة السودانية",
    "nameEnglish": "Arabic, Sudanese"
  },
  "ar-tn": {
    "nameNative": "العربية - اللهجة التونسية",
    "nameEnglish": "Arabic, Tunesian"
  },
  "ar-arb": {
    "nameNative": "العربية - الفصحى",
    "nameEnglish": "Arabic, Standard"
  },
  "akk": {
    "nameNative": "lišānum akkadītum",
    "nameEnglish": "Akkadian"
  },
  "agx": {
    "nameNative": "агъул чӀал",
    "nameEnglish": "Aghul"
  },
  "ofs": {
    "nameNative": "Aldfrysk",
    "nameEnglish": "Old Frisian"
  },
  "atv": {
    "nameNative": "Алтай",
    "nameEnglish": "Altay, Northern"
  },
  "alt": {
    "nameNative": "Алтай",
    "nameEnglish": "Altay, Southern"
  },
  "alq": {
    "nameNative": "Anicinâbemowin",
    "nameEnglish": "Algonquin"
  },
  "am": {
    "nameNative": "አማርኛ",
    "nameEnglish": "Amharic"
  },
  "an": {
    "nameNative": "Aragones",
    "nameEnglish": "Aragonese"
  },
  "frp": {
    "nameNative": "arpetan",
    "nameEnglish": "Franco-Provençal"
  },
  "xno": {
    "nameNative": "Anglo-normand",
    "nameEnglish": "Anglo-Norman"
  },
  "apw": {
    "nameNative": "Nṉēē biyáti’",
    "nameEnglish": "Apache (Western)"
  },
  "arc": {
    "nameNative": "אַרָמִית",
    "nameEnglish": "Aramaic"
  },
  "arw": {
    "nameNative": "Arawak",
    "nameEnglish": "Arawak"
  },
  "aqc": {
    "nameNative": "Archi",
    "nameEnglish": "Archi"
  },
  "rup": {
    "nameNative": "Armãneashce",
    "nameEnglish": "Aromanian"
  },
  "aer": {
    "nameNative": "Arrernte angkentye",
    "nameEnglish": "Arrernte"
  },
  "as": {
    "nameNative": "অসিময়া",
    "nameEnglish": "Assamese"
  },
  "ast": {
    "nameNative": "Asturianu",
    "nameEnglish": "Asturian"
  },
  "akv": {
    "nameNative": "Ашвaлъи мицIи",
    "nameEnglish": "Akhvakh"
  },
  "av": {
    "nameNative": "Авар мацІ",
    "nameEnglish": "Avar"
  },
  "ae": {
    "nameNative": "Avestan",
    "nameEnglish": "Avestan"
  },
  "ay": {
    "nameNative": "Aymará",
    "nameEnglish": "Aymara"
  },
  "az": {
    "nameNative": "Azərbaycanca",
    "nameEnglish": "Azerbaijani"
  },
  "kva": {
    "nameNative": "Bagvalal",
    "nameEnglish": "Bagvalal"
  },
  "ace": {
    "nameNative": "Basa Acèh",
    "nameEnglish": "Acehnese"
  },
  "ms": {
    "nameNative": "Bahasa Melayu",
    "nameEnglish": "Malay"
  },
  "ba": {
    "nameNative": "Башҡортса",
    "nameEnglish": "Bashkir"
  },
  "ban": {
    "nameNative": "Basa Bali",
    "nameEnglish": "Balinese"
  },
  "bbl": {
    "nameNative": "batsba motjiti",
    "nameEnglish": "Bats"
  },
  "be": {
    "nameNative": "Беларускі",
    "nameEnglish": "Belarusian"
  },
  "be-tara": {
    "nameNative": "тарашкевіца",
    "nameEnglish": "Belarusian [Taraškievica]"
  },
  "bpy": {
    "nameNative": "ইমার ঠার/বিষ্ণুপ্রিয়া মণিপুরী",
    "nameEnglish": "Bishnupriya Manipuri"
  },
  "bue": {
    "nameNative": "Beothukan",
    "nameEnglish": "Beothuk"
  },
  "bis": {
    "nameNative": "Bislama",
    "nameEnglish": "Bislama"
  },
  "bg": {
    "nameNative": "Български",
    "nameEnglish": "Bulgarian"
  },
  "bla": {
    "nameNative": "Siksiká",
    "nameEnglish": "Blackfoot"
  },
  "bm": {
    "nameNative": "Bambara",
    "nameEnglish": "Bamanankan"
  },
  "bn": {
    "nameNative": "বাংলা",
    "nameEnglish": "Bengali"
  },
  "bo": {
    "nameNative": "བོད་སྐད་",
    "nameEnglish": "Tibetan"
  },
  "bod": {
    "nameNative": "བོད་སྐད་",
    "nameEnglish": "Classical Tibetan"
  },
  "kap": {
    "nameNative": "бежкьалас миц",
    "nameEnglish": "Bezhta"
  },
  "blc": {
    "nameNative": "Bella Coola",
    "nameEnglish": "Nuxálk"
  },
  "br": {
    "nameNative": "Brezhoneg",
    "nameEnglish": "Breton"
  },
  "brx": {
    "nameNative": "बड़ो",
    "nameEnglish": "Bodo"
  },
  "bs": {
    "nameNative": "Bosanski",
    "nameEnglish": "Bosnian"
  },
  "bdk": {
    "nameNative": "Будад мез",
    "nameEnglish": "Budukh"
  },
  "bph": {
    "nameNative": "Буйхaлъи мицIцIи",
    "nameEnglish": "Botlikh"
  },
  "bua": {
    "nameNative": "буряад",
    "nameEnglish": "Buryat"
  },
  "bug": {
    "nameNative": "Basa Ugi",
    "nameEnglish": "Buginese"
  },
  "bsk": {
    "nameNative": "بروشسکی",
    "nameEnglish": "Burushaski"
  },
  "ca": {
    "nameNative": "Català",
    "nameEnglish": "Catalan"
  },
  "cay": {
    "nameNative": "Gayogohó:nǫ’",
    "nameEnglish": "Cayuga"
  },
  "ce": {
    "nameNative": "Нохчийн мотт",
    "nameEnglish": "Chechen"
  },
  "ceb": {
    "nameNative": "Cebuano",
    "nameEnglish": "Cebuano"
  },
  "cho": {
    "nameNative": "Chahta Anumpa",
    "nameEnglish": "Choctaw"
  },
  "cji": {
    "nameNative": "чамалалдуб мичIчI",
    "nameEnglish": "Chamalal"
  },
  "ch": {
    "nameNative": "Chamoru",
    "nameEnglish": "Chamorro"
  },
  "chr": {
    "nameNative": "ᏣᎳᎩ",
    "nameEnglish": "Cherokee"
  },
  "cs": {
    "nameNative": "Čeština",
    "nameEnglish": "Czech"
  },
  "chg": {
    "nameNative": "جغتای",
    "nameEnglish": "Chagatai"
  },
  "chn": {
    "nameNative": "Chinook wawa",
    "nameEnglish": "Chinook Jargon"
  },
  "sn": {
    "nameNative": "chiShona",
    "nameEnglish": "Shona"
  },
  "co": {
    "nameNative": "Corsu",
    "nameEnglish": "Corsican"
  },
  "cop": {
    "nameNative": "ⲙⲛⲧⲣⲙⲛⲕⲏⲙⲉ",
    "nameEnglish": "Coptic"
  },
  "cv": {
    "nameNative": "чӑваш чӗлхи",
    "nameEnglish": "Chuvash"
  },
  "cy": {
    "nameNative": "Cymraeg",
    "nameEnglish": "Welsh"
  },
  "da": {
    "nameNative": "Dansk",
    "nameEnglish": "Danish"
  },
  "dak": {
    "nameNative": "Dakȟótiyapi",
    "nameEnglish": "Dakota"
  },
  "dlc": {
    "nameNative": "Dalska",
    "nameEnglish": "Dalecarlian"
  },
  "dar": {
    "nameNative": "дарган мез",
    "nameEnglish": "Dargwa"
  },
  "dng": {
    "nameNative": "Хуэйзў йүян",
    "nameEnglish": "Dungan"
  },
  "zap": {
    "nameNative": "Diidzaj",
    "nameEnglish": "Zapotec"
  },
  "dsb": {
    "nameNative": "Dolnoserbšćina",
    "nameEnglish": "Sorbian (lower)"
  },
  "koy": {
    "nameNative": "Denaakkʼe",
    "nameEnglish": "Koyukon"
  },
  "lut": {
    "nameNative": "dxʷləšucid",
    "nameEnglish": "Lushootseed"
  },
  "lad": {
    "nameNative": "Djudeo-espanyol",
    "nameEnglish": "Ladino"
  },
  "de": {
    "nameNative": "Deutsch",
    "nameEnglish": "German"
  },
  "de-at": {
    "nameNative": "Österreichisch",
    "nameEnglish": "Austrian German"
  },
  "de-ch": {
    "nameNative": "Schweizer Hochdeutsch",
    "nameEnglish": "Swiss Standard German"
  },
  "de-gsw": {
    "nameNative": "Schwyzerdütsch",
    "nameEnglish": "Swiss German"
  },
  "de-goh": {
    "nameNative": "Althochdeutsch",
    "nameEnglish": "Old High German"
  },
  "de-gmh": {
    "nameNative": "Mittelhochdeutsch",
    "nameEnglish": "Middle High German"
  },
  "de-osx": {
    "nameNative": "Altsächsisch",
    "nameEnglish": "Old Saxon"
  },
  "nv": {
    "nameNative": "Diné bizaad",
    "nameEnglish": "Navajo"
  },
  "dv": {
    "nameNative": "ދިވެހިބަސ",
    "nameEnglish": "Dhivehi"
  },
  "dz": {
    "nameNative": "༄༅ཇོ༹ང་ཁ",
    "nameEnglish": "Dzongkha"
  },
  "et": {
    "nameNative": "Eesti",
    "nameEnglish": "Estonian"
  },
  "egy": {
    "nameNative": "Egyptian, ancient",
    "nameEnglish": "Egyptian, ancient"
  },
  "elx": {
    "nameNative": "Elamite",
    "nameEnglish": "Elamite"
  },
  "el": {
    "nameNative": "Ελληνικά",
    "nameEnglish": "Greek"
  },
  "el-cy": {
    "nameNative": "Κυπριακά",
    "nameEnglish": "Greek, Cypriot"
  },
  "el-ka": {
    "nameNative": "Καθαρεύουσα",
    "nameEnglish": "Greek, Katharevousa"
  },
  "en": {
    "nameNative": "English",
    "nameEnglish": "English"
  },
  "en-us": {
    "nameNative": "American English",
    "nameEnglish": "American English"
  },
  "en-gb": {
    "nameNative": "British English",
    "nameEnglish": "British English"
  },
  "en-au": {
    "nameNative": "Australian English",
    "nameEnglish": "Australian English"
  },
  "en-ca": {
    "nameNative": "Canadian English",
    "nameEnglish": "Canadian English"
  },
  "en-nz": {
    "nameNative": "New Zealand English",
    "nameEnglish": "New Zealand English"
  },
  "en-ie": {
    "nameNative": "Irish English",
    "nameEnglish": "Irish English"
  },
  "en-sg": {
    "nameNative": "Singapore English",
    "nameEnglish": "Singapore English"
  },
  "en-old": {
    "nameNative": "Ænglisc",
    "nameEnglish": "Old English"
  },
  "en-mid": {
    "nameNative": "Middle English",
    "nameEnglish": "Middle English"
  },
  "es": {
    "nameNative": "Español",
    "nameEnglish": "Spanish"
  },
  "es-es": {
    "nameNative": "Español de España",
    "nameEnglish": "Spanish, Spain"
  },
  "es-mx": {
    "nameNative": "Español de México",
    "nameEnglish": "Mexican Spanish"
  },
  "es-ar": {
    "nameNative": "Español de Argentina",
    "nameEnglish": "Argentinian Spanish"
  },
  "es-cl": {
    "nameNative": "Español de Chile",
    "nameEnglish": "Chilean Spanish"
  },
  "es-pe": {
    "nameNative": "Español de Perú",
    "nameEnglish": "Peruvian Spanish"
  },
  "es-ve": {
    "nameNative": "Español de Venezuela",
    "nameEnglish": "Venezuelan Spanish"
  },
  "es-co": {
    "nameNative": "Español de Colombia",
    "nameEnglish": "Colombian Spanish"
  },
  "es-bo": {
    "nameNative": "Español de Bolivia",
    "nameEnglish": "Bolivian Spanish"
  },
  "es-py": {
    "nameNative": "Español de Paraguay",
    "nameEnglish": "Paraguayan Spanish"
  },
  "es-uy": {
    "nameNative": "Español de Uruguay",
    "nameEnglish": "Uruguayan Spanish"
  },
  "es-cu": {
    "nameNative": "Español de Cuba",
    "nameEnglish": "Cuban Spanish"
  },
  "es-do": {
    "nameNative": "Español de la República Dominicana",
    "nameEnglish": "Dominican Spanish"
  },
  "es-pa": {
    "nameNative": "Español de Panamá",
    "nameEnglish": "Panamanian Spanish"
  },
  "es-cr": {
    "nameNative": "Español de Costa Rica",
    "nameEnglish": "Costa Rican Spanish"
  },
  "es-hn": {
    "nameNative": "Español de Honduras",
    "nameEnglish": "Honduran Spanish"
  },
  "es-ni": {
    "nameNative": "Español de Nicaragua",
    "nameEnglish": "Nicaraguan Spanish"
  },
  "es-old": {
    "nameNative": "Castellano antiguo",
    "nameEnglish": "Old Spanish"
  },
  "es-sv": {
    "nameNative": "Español de El Salvador",
    "nameEnglish": "Salvadoran Spanish"
  },
  "es-gt": {
    "nameNative": "Español de Guatemala",
    "nameEnglish": "Guatemalan Spanish"
  },
  "es-pr": {
    "nameNative": "Español de Puerto Rico",
    "nameEnglish": "Puerto Rican Spanish"
  },
  "es-an": {
    "nameNative": "Español de Andalucía",
    "nameEnglish": "Andalusian Spanish"
  },
  "sux": {
    "nameNative": "eme-ĝir",
    "nameEnglish": "Sumerian"
  },
  "egl": {
    "nameNative": "Emigliàn",
    "nameEnglish": "Emiliano"
  },
  "enq": {
    "nameNative": "Enga",
    "nameEnglish": "Enga"
  },
  "eo": {
    "nameNative": "Esperanto",
    "nameEnglish": "Esperanto"
  },
  "ext": {
    "nameNative": "Estremeñu",
    "nameEnglish": "Extremaduran"
  },
  "eu": {
    "nameNative": "Euskara",
    "nameEnglish": "Basque"
  },
  "myv": {
    "nameNative": "Эрзянь",
    "nameEnglish": "Erzya"
  },
  "evn": {
    "nameNative": "Эвэнки",
    "nameEnglish": "Evenki"
  },
  "ee": {
    "nameNative": "Èʋegbe",
    "nameEnglish": "Ewe"
  },
  "ett": {
    "nameNative": "mechl Rasnal",
    "nameEnglish": "Etruscan"
  },
  "wls": {
    "nameNative": "Fakaʻuvea",
    "nameEnglish": "Wallisian"
  },
  "fa": {
    "nameNative": "فارسی",
    "nameEnglish": "Persian"
  },
  "fa-af": {
    "nameNative": "درى",
    "nameEnglish": "Dari"
  },
  "fa-old": {
    "nameNative": "*Pārsīka",
    "nameEnglish": "Old Persian"
  },
  "fa-mid": {
    "nameNative": "Pārsīk",
    "nameEnglish": "Middle Persian"
  },
  "fa-tj": {
    "nameNative": "тоҷикӣ",
    "nameEnglish": "Tajik"
  },
  "fj": {
    "nameNative": "Na vosa Vakaviti",
    "nameEnglish": "Fijian"
  },
  "fo": {
    "nameNative": "Føroyskt",
    "nameEnglish": "Faroese"
  },
  "fr": {
    "nameNative": "Français",
    "nameEnglish": "French"
  },
  "fr-ac": {
    "nameNative": "Acadien",
    "nameEnglish": "Acadian French"
  },
  "fr-be": {
    "nameNative": "Français Belge",
    "nameEnglish": "Belgian French"
  },
  "fr-ca": {
    "nameNative": "Français du Canada",
    "nameEnglish": "Canadian French"
  },
  "fr-ch": {
    "nameNative": "Français de la Suisse",
    "nameEnglish": "Swiss French"
  },
  "fr-frc": {
    "nameNative": "Français Cadien",
    "nameEnglish": "Cajun French"
  },
  "fr-old": {
    "nameNative": "Ancien français",
    "nameEnglish": "Old French"
  },
  "fr-qc": {
    "nameNative": "Québécois",
    "nameEnglish": "Quebec French"
  },
  "frr": {
    "nameNative": "Nordfriisk",
    "nameEnglish": "North Frisian"
  },
  "fy": {
    "nameNative": "Frysk",
    "nameEnglish": "West Frisian"
  },
  "fur": {
    "nameNative": "Furlan",
    "nameEnglish": "Friulian"
  },
  "ga": {
    "nameNative": "Gaeilge",
    "nameEnglish": "Irish Gaelic"
  },
  "gv": {
    "nameNative": "Gaelg",
    "nameEnglish": "Manx"
  },
  "gag": {
    "nameNative": "Gagauz dili",
    "nameEnglish": "Gagauz"
  },
  "gd": {
    "nameNative": "Gàidhlig",
    "nameEnglish": "Scottish Gaelic"
  },
  "gan-hans": {
    "nameNative": "赣语",
    "nameEnglish": "Gan Chinese [Simplified script]"
  },
  "gan-hant": {
    "nameNative": "赣語",
    "nameEnglish": "Gan Chinese [Traditional script]"
  },
  "gl": {
    "nameNative": "Galego",
    "nameEnglish": "Galician"
  },
  "gez": {
    "nameNative": "ግዕዝ",
    "nameEnglish": "Ge’ez"
  },
  "glk": {
    "nameNative": "گیلکی",
    "nameEnglish": "Gilaki"
  },
  "gdo": {
    "nameNative": "ГъибдилIи мицци",
    "nameEnglish": "Godoberi"
  },
  "sga": {
    "nameNative": "Goídelc",
    "nameEnglish": "Old Irish"
  },
  "huz": {
    "nameNative": "гьонкьос мыц",
    "nameEnglish": "Hunzib "
  },
  "grn": {
    "nameNative": "Guaraní",
    "nameEnglish": "Guarani"
  },
  "got": {
    "nameNative": "Gutiska",
    "nameEnglish": "Gothic"
  },
  "gu": {
    "nameNative": "ગુજરાતી",
    "nameEnglish": "Gujarati"
  },
  "zhc": {
    "nameNative": "文言文",
    "nameEnglish": "Classical Chinese"
  },
  "ha-latn": {
    "nameNative": "Hausa",
    "nameEnglish": "Hausa [Latin script]"
  },
  "ha-arab": {
    "nameNative": "هَوُس",
    "nameEnglish": "Hausa [Arabic script]"
  },
  "zh-hans": {
    "nameNative": "汉语",
    "nameEnglish": "Mandarin Chinese [Simplified script]"
  },
  "zh-hant": {
    "nameNative": "漢語",
    "nameEnglish": "Mandarin Chinese [Traditional Script]"
  },
  "yue-hans": {
    "nameNative": "粤语",
    "nameEnglish": "Cantonese [Simplified script]"
  },
  "yue-hant": {
    "nameNative": "粵語",
    "nameEnglish": "Cantonese [Traditional script]"
  },
  "hak-hans": {
    "nameNative": "客家话",
    "nameEnglish": "Hakka [Simplified script]"
  },
  "hak-hant": {
    "nameNative": "客家語",
    "nameEnglish": "Hakka [Traditional script]"
  },
  "hsn-hans": {
    "nameNative": "湘语",
    "nameEnglish": "Xiang Chinese [Simplified script]"
  },
  "hsn-hant": {
    "nameNative": "湘語",
    "nameEnglish": "Xiang Chinese [Traditional script]"
  },
  "czh-hans": {
    "nameNative": "徽语",
    "nameEnglish": "Hui [Simplified script]"
  },
  "czh-hant": {
    "nameNative": "徽語",
    "nameEnglish": "Hui [Traditional script]"
  },
  "nan-hans": {
    "nameNative": "闽南语",
    "nameEnglish": "Minnan Chinese [Simplified script]"
  },
  "nan-hant": {
    "nameNative": "閩南語",
    "nameEnglish": "Minnan Chinese [Traditional script]"
  },
  "cdo-hans": {
    "nameNative": "闽东语",
    "nameEnglish": "Mindong Chinese [Simplified script]"
  },
  "cdo-hant": {
    "nameNative": "閩東語",
    "nameEnglish": "Mindong Chinese [Traditional script]"
  },
  "ko": {
    "nameNative": "한국어",
    "nameEnglish": "Korean"
  },
  "ko-mid": {
    "nameNative": "중세한국어",
    "nameEnglish": "Middle Korean"
  },
  "xal": {
    "nameNative": "Хальмг келн",
    "nameEnglish": "Kalmyk"
  },
  "haw": {
    "nameNative": "`Ōlelo Hawai`i",
    "nameEnglish": "Hawaiian"
  },
  "hy": {
    "nameNative": "Հայերեն",
    "nameEnglish": "Armenian"
  },
  "hy-e": {
    "nameNative": "արևելահայերեն",
    "nameEnglish": "Armenian, Eastern"
  },
  "hy-w": {
    "nameNative": "Արեւմտահայերէն",
    "nameEnglish": "Armenian, Western"
  },
  "hy-h": {
    "nameNative": "Հոմշեցի",
    "nameEnglish": "Armenian, Homshetsi"
  },
  "hy-mid": {
    "nameNative": "միջին հայերեն",
    "nameEnglish": "Middle Armenian"
  },
  "hy-clas": {
    "nameNative": "գրաբար",
    "nameEnglish": "Classical Armenian"
  },
  "grc": {
    "nameNative": "Ἑλληνική",
    "nameEnglish": "Greek, ancient"
  },
  "hif": {
    "nameNative": "Fiji Baat",
    "nameEnglish": "Fiji Hindi"
  },
  "hi": {
    "nameNative": "हिन्दी",
    "nameEnglish": "Hindi"
  },
  "gin": {
    "nameNative": "гьинузас мец",
    "nameEnglish": "Hinukh"
  },
  "arp": {
    "nameNative": "Hinóno'eitíít",
    "nameEnglish": "Arapaho"
  },
  "ho": {
    "nameNative": "Hiri Motu",
    "nameEnglish": "Hiri Motu"
  },
  "hit": {
    "nameNative": "nešili",
    "nameEnglish": "Hittite"
  },
  "hmn": {
    "nameNative": "Hmoob",
    "nameEnglish": "Hmong"
  },
  "hop": {
    "nameNative": "Hopilavayi",
    "nameEnglish": "Hopi"
  },
  "hsb": {
    "nameNative": "Hornjoserbšćina",
    "nameEnglish": "Sorbian (upper)"
  },
  "inh": {
    "nameNative": "гӀалгӀайн мотт",
    "nameEnglish": "Ingush"
  },
  "jv": {
    "nameNative": "Basa Jawa",
    "nameEnglish": "Javanese"
  },
  "jv-bms": {
    "nameNative": "Basa Banyumasan",
    "nameEnglish": "Banyumasan"
  },
  "hr": {
    "nameNative": "Hrvatski",
    "nameEnglish": "Croatian"
  },
  "hur": {
    "nameNative": "Hul'q'umín'um'",
    "nameEnglish": "Halkomelem"
  },
  "rw": {
    "nameNative": "Ikinyarwanda",
    "nameEnglish": "Kinyarwanda"
  },
  "iu": {
    "nameNative": "ᐃᓄᒃᑎᑐᑦ",
    "nameEnglish": "Inuktitut"
  },
  "ipk": {
    "nameNative": "Iñupiatun",
    "nameEnglish": "Iñupiaq"
  },
  "id": {
    "nameNative": "Bahasa Indonesia",
    "nameEnglish": "Indonesian"
  },
  "ig": {
    "nameNative": "Igbo",
    "nameEnglish": "Igbo"
  },
  "is": {
    "nameNative": "Íslenska",
    "nameEnglish": "Icelandic"
  },
  "it": {
    "nameNative": "Italiano",
    "nameEnglish": "Italian"
  },
  "itl": {
    "nameNative": "итэнмэн",
    "nameEnglish": "Itelmen"
  },
  "he": {
    "nameNative": "עברית",
    "nameEnglish": "Hebrew"
  },
  "he-hbo": {
    "nameNative": "עברית מקראית",
    "nameEnglish": "Hebrew, Biblical"
  },
  "jmk": {
    "nameNative": "Jamtsk",
    "nameEnglish": "Jamtlandic"
  },
  "kry": {
    "nameNative": "Jek",
    "nameEnglish": "Kryts"
  },
  "cu": {
    "nameNative": "Ѩзыкъ словѣньскъ",
    "nameEnglish": "Old Church Slavonic"
  },
  "cjy-hans": {
    "nameNative": "晋语",
    "nameEnglish": "Jin Chinese [Simplified script]"
  },
  "cjy-hant": {
    "nameNative": "晉語",
    "nameEnglish": "Jin Chinese [Traditional script]"
  },
  "ka": {
    "nameNative": "ქართული",
    "nameEnglish": "Georgian"
  },
  "ka-old": {
    "nameNative": "ენაჲ ქართული",
    "nameEnglish": "Old Georgian"
  },
  "kjj": {
    "nameNative": "каьтш мицI",
    "nameEnglish": "Khinalug"
  },
  "kab": {
    "nameNative": "Taqbaylit",
    "nameEnglish": "Kabyle"
  },
  "mh": {
    "nameNative": "Kajin M̧ajeļ",
    "nameEnglish": "Marshallese"
  },
  "kl": {
    "nameNative": "Kalaallisut",
    "nameEnglish": "Greenlandic"
  },
  "mwp": {
    "nameNative": "Kala Lagaw Ya",
    "nameEnglish": "Kala Lagaw Ya"
  },
  "moh": {
    "nameNative": "Kanien’kéha",
    "nameEnglish": "Mohawk"
  },
  "kn": {
    "nameNative": "ಕನ್ನಡ",
    "nameEnglish": "Kannada"
  },
  "cak": {
    "nameNative": "Kaqchikel Ch'ab'äl",
    "nameEnglish": "Kaqchikel Mayan"
  },
  "kdr": {
    "nameNative": "Karaj tili",
    "nameEnglish": "Karaim"
  },
  "kpt": {
    "nameNative": "Karata",
    "nameEnglish": "Karata"
  },
  "kar": {
    "nameNative": "Karen",
    "nameEnglish": "Karen"
  },
  "krl": {
    "nameNative": "Karjala",
    "nameEnglish": "Karelian"
  },
  "csb": {
    "nameNative": "Kaszëbsczi",
    "nameEnglish": "Kashubian"
  },
  "gbb": {
    "nameNative": "Kaytetye",
    "nameEnglish": "Kaytetye"
  },
  "ks-deva": {
    "nameNative": "कश्मीरी",
    "nameEnglish": "Kashmiri [Devanagari script]"
  },
  "ks-arab": {
    "nameNative": "كشميري",
    "nameEnglish": "Kashmiri [Arabic script]"
  },
  "kk": {
    "nameNative": "қазақша",
    "nameEnglish": "Kazakh"
  },
  "km": {
    "nameNative": "ខ្មែរ",
    "nameEnglish": "Khmer"
  },
  "kw": {
    "nameNative": "Kernewek",
    "nameEnglish": "Cornish"
  },
  "khi": {
    "nameNative": "Khoisan",
    "nameEnglish": "Khoisan"
  },
  "kca": {
    "nameNative": "хӑнты ясӑӈ",
    "nameEnglish": "Khanty"
  },
  "khv": {
    "nameNative": "Khwarshi",
    "nameEnglish": "Khwarshi"
  },
  "krc": {
    "nameNative": "Къарачай-Малкъар тил",
    "nameEnglish": "Karachay-Balkar"
  },
  "ky": {
    "nameNative": "Кыргызча",
    "nameEnglish": "Kyrgyz"
  },
  "gil": {
    "nameNative": "Kiribati",
    "nameEnglish": "Gilbertese"
  },
  "rn": {
    "nameNative": "Kirundi",
    "nameEnglish": "Ikirundi"
  },
  "sw": {
    "nameNative": "Kiswahili",
    "nameEnglish": "Swahili"
  },
  "kv": {
    "nameNative": "Коми кыв",
    "nameEnglish": "Komi"
  },
  "kv-koi": {
    "nameNative": "Komi-Permyak",
    "nameEnglish": "Komi-Permyak"
  },
  "kv-kpv": {
    "nameNative": "Komi-Zyrian",
    "nameEnglish": "Komi-Zyrian"
  },
  "kmk": {
    "nameNative": "ಕಒಂಕಣಇ",
    "nameEnglish": "Konkani"
  },
  "ht": {
    "nameNative": "Krèyol",
    "nameEnglish": "Haitian Creole"
  },
  "kea": {
    "nameNative": "Kriólu Kabuberdiánu",
    "nameEnglish": "Cape Verdean Creole"
  },
  "ani": {
    "nameNative": "къIaваннаб мицци",
    "nameEnglish": "Andi"
  },
  "ksk": {
    "nameNative": "Къумукъ тил",
    "nameEnglish": "Kumyk"
  },
  "ku-latn": {
    "nameNative": "Kurmancî",
    "nameEnglish": "Kurdish [Latin script]"
  },
  "ku-arab": {
    "nameNative": "كوردي",
    "nameEnglish": "Kurdish [Arabic script]"
  },
  "kgg": {
    "nameNative": "Kusunda",
    "nameEnglish": "Kusunda"
  },
  "kwk": {
    "nameNative": "Kwak'wala",
    "nameEnglish": "Kwak'wala"
  },
  "lkt": {
    "nameNative": "Lakȟótiyapi",
    "nameEnglish": "Lakota"
  },
  "las": {
    "nameNative": "Lamba",
    "nameEnglish": "Lama"
  },
  "ltg": {
    "nameNative": "Latgaļu",
    "nameEnglish": "Latgalian"
  },
  "lo": {
    "nameNative": "ພງສງລງວ",
    "nameEnglish": "Lao"
  },
  "lzz": {
    "nameNative": "ლაზური",
    "nameEnglish": "Laz"
  },
  "la": {
    "nameNative": "lingua latīna",
    "nameEnglish": "Latin"
  },
  "la-va": {
    "nameNative": "Lingua Latina Ecclesiastica",
    "nameEnglish": "Ecclesiastical Latin"
  },
  "sm": {
    "nameNative": "le gagana Samoa",
    "nameEnglish": "Samoan"
  },
  "lez": {
    "nameNative": "Лезги чIал",
    "nameEnglish": "Lezgian"
  },
  "liv": {
    "nameNative": "Līvõ kēļ",
    "nameEnglish": "Livonian"
  },
  "lld": {
    "nameNative": "ladin",
    "nameEnglish": "Ladin"
  },
  "lv": {
    "nameNative": "Latviešu",
    "nameEnglish": "Latvian"
  },
  "unm": {
    "nameNative": "Lenape",
    "nameEnglish": "Delaware"
  },
  "lb": {
    "nameNative": "Lëtzebuergesch",
    "nameEnglish": "Luxembourgish"
  },
  "lbe": {
    "nameNative": "лакку маз",
    "nameEnglish": "Lak"
  },
  "lt": {
    "nameNative": "Lietuvių",
    "nameEnglish": "Lithuanian"
  },
  "lij": {
    "nameNative": "lìgure",
    "nameEnglish": "Ligurian"
  },
  "lim": {
    "nameNative": "Limburgs",
    "nameEnglish": "Limburgish"
  },
  "ln": {
    "nameNative": "Lingála",
    "nameEnglish": "Lingala"
  },
  "loz": {
    "nameNative": "Lozi",
    "nameEnglish": "Lozi"
  },
  "ckt": {
    "nameNative": "Ԓыгъоравэтԓьэн йиԓыйиԓ",
    "nameEnglish": "Chukchi"
  },
  "lud": {
    "nameNative": "lyydin kiel'",
    "nameEnglish": "Ludic"
  },
  "lmo": {
    "nameNative": "lumbaart",
    "nameEnglish": "Lombard"
  },
  "sva": {
    "nameNative": "ლუშნუ ნინ",
    "nameEnglish": "Svan"
  },
  "mas": {
    "nameNative": "ɔl Maa",
    "nameEnglish": "Maasai"
  },
  "yua": {
    "nameNative": "Maaya t'aan",
    "nameEnglish": "Yucatec Maya"
  },
  "mdh": {
    "nameNative": "Maguindanao",
    "nameEnglish": "Maguindanao"
  },
  "hu": {
    "nameNative": "Magyar",
    "nameEnglish": "Hungarian"
  },
  "mkz": {
    "nameNative": "Makassai",
    "nameEnglish": "Makasae"
  },
  "mk": {
    "nameNative": "Македонски",
    "nameEnglish": "Macedonian"
  },
  "mg": {
    "nameNative": "Malagasy",
    "nameEnglish": "Malagasy"
  },
  "ml": {
    "nameNative": "മലയാളം",
    "nameEnglish": "Malayalam"
  },
  "mt": {
    "nameNative": "Malti",
    "nameEnglish": "Maltese"
  },
  "mnc": {
    "nameNative": "Manju gisun",
    "nameEnglish": "Manchu"
  },
  "mns": {
    "nameNative": "Маньси",
    "nameEnglish": "Mansi"
  },
  "xmf": {
    "nameNative": "მარგალური ნინა",
    "nameEnglish": "Mingrelian"
  },
  "mr": {
    "nameNative": "मराठी",
    "nameEnglish": "Marathi"
  },
  "mic": {
    "nameNative": "Míkmaq",
    "nameEnglish": "Micmac"
  },
  "mwl": {
    "nameNative": "Mirandés",
    "nameEnglish": "Mirandese"
  },
  "mo": {
    "nameNative": "Moldovenească",
    "nameEnglish": "Moldovan"
  },
  "mdf": {
    "nameNative": "Мокшень",
    "nameEnglish": "Moksha"
  },
  "mnw": {
    "nameNative": "Mon",
    "nameEnglish": "Mon"
  },
  "mn": {
    "nameNative": "Монгол хэл",
    "nameEnglish": "Mongolian"
  },
  "cmg": {
    "nameNative": "Mongɣol kele",
    "nameEnglish": "Classical Mongolian"
  },
  "arn": {
    "nameNative": "Mapudungun",
    "nameEnglish": "Mapuche"
  },
  "mfe": {
    "nameNative": "Morisyen",
    "nameEnglish": "Mauritian"
  },
  "mof": {
    "nameNative": "Moyahikaniw",
    "nameEnglish": "Mohegan"
  },
  "mia": {
    "nameNative": "Myaamia",
    "nameEnglish": "Miami-Illinois"
  },
  "rut": {
    "nameNative": "мыхIабишды чIел",
    "nameEnglish": "Rutul"
  },
  "mhr": {
    "nameNative": "Олык марий йылме",
    "nameEnglish": "Mari (Meadow)"
  },
  "mus": {
    "nameNative": "Mvskoke",
    "nameEnglish": "Creek"
  },
  "mrj": {
    "nameNative": "Кырык мары йӹлмӹ",
    "nameEnglish": "Mari (Hill)"
  },
  "my": {
    "nameNative": "မ္ရန္မာ",
    "nameEnglish": "Burmese"
  },
  "nah": {
    "nameNative": "Náhuatl",
    "nameEnglish": "Nahuatl"
  },
  "na": {
    "nameNative": "dorerin Naoero",
    "nameEnglish": "Nauruan"
  },
  "nap": {
    "nameNative": "Napulitano",
    "nameEnglish": "Neapolitan"
  },
  "new": {
    "nameNative": "नेपाल भाषा",
    "nameEnglish": "Nepal Bhasa"
  },
  "ppl": {
    "nameNative": "Nawat",
    "nameEnglish": "Pipil"
  },
  "yrk": {
    "nameNative": "Ненэця\" вада",
    "nameEnglish": "Nenets"
  },
  "aii": {
    "nameNative": "Neo-Aramaic",
    "nameEnglish": "Neo-Aramaic"
  },
  "nll": {
    "nameNative": "Nahali",
    "nameEnglish": "Nihali"
  },
  "niv": {
    "nameNative": "Нивхгу диф",
    "nameEnglish": "Nivkh"
  },
  "nio": {
    "nameNative": "Ня’’ сиәде",
    "nameEnglish": "Nganasan"
  },
  "niu": {
    "nameNative": "ko e vagahau Niuē",
    "nameEnglish": "Niuean"
  },
  "nog": {
    "nameNative": "Ногай тили",
    "nameEnglish": "Nogai"
  },
  "cr": {
    "nameNative": "ᓂᐦᔭᐘᒃ",
    "nameEnglish": "Cree"
  },
  "ja": {
    "nameNative": "日本語",
    "nameEnglish": "Japanese"
  },
  "ja-clas": {
    "nameNative": "和文",
    "nameEnglish": "Classical Japanese"
  },
  "nd": {
    "nameNative": "isiNdebele",
    "nameEnglish": "Ndebele, Northern"
  },
  "nl": {
    "nameNative": "Nederlands",
    "nameEnglish": "Dutch"
  },
  "nl-nbr": {
    "nameNative": "Braobans",
    "nameEnglish": "Dutch, Brabantian"
  },
  "nl-be": {
    "nameNative": "Vlaams",
    "nameEnglish": "Flemish"
  },
  "nl-mid": {
    "nameNative": "Middelnederlands",
    "nameEnglish": "Middelnederlands"
  },
  "ne": {
    "nameNative": "नेपाली",
    "nameEnglish": "Nepali"
  },
  "pih": {
    "nameNative": "Norfuk/Pitkern",
    "nameEnglish": "Norfuk/Pitkern"
  },
  "no": {
    "nameNative": "Norsk",
    "nameEnglish": "Norwegian"
  },
  "no-nn": {
    "nameNative": "Nynorsk",
    "nameEnglish": "Norwegian, Nynorsk"
  },
  "no-nb": {
    "nameNative": "Bokmål",
    "nameEnglish": "Norwegian, Bokmål"
  },
  "no-val": {
    "nameNative": "Vallemål",
    "nameEnglish": "Norwegian, Vallemål"
  },
  "non": {
    "nameNative": "Norrœnt",
    "nameEnglish": "Old Norse"
  },
  "ntj": {
    "nameNative": "Ngaanyatjarra",
    "nameEnglish": "Ngaanyatjarra"
  },
  "nr": {
    "nameNative": "Nrebele",
    "nameEnglish": "Ndebele, Southern"
  },
  "oka": {
    "nameNative": "Nsəlxcin",
    "nameEnglish": "Colville-Okanagan Salish"
  },
  "ny": {
    "nameNative": "Nyanja",
    "nameEnglish": "Chewa"
  },
  "kpy": {
    "nameNative": "нымылан",
    "nameEnglish": "Koryak"
  },
  "oc": {
    "nameNative": "Occitan",
    "nameEnglish": "Occitan"
  },
  "ryu": {
    "nameNative": "ウチナーグチ",
    "nameEnglish": "Okinawan"
  },
  "olo": {
    "nameNative": "Olonets",
    "nameEnglish": "Livvi-Karelian"
  },
  "one": {
    "nameNative": "Onʌyotaʔa:ka",
    "nameEnglish": "Oneida"
  },
  "ood": {
    "nameNative": "Oʼodham ñiok",
    "nameEnglish": "O’odham"
  },
  "or": {
    "nameNative": "ଓଡ଼ିଆ",
    "nameEnglish": "Oriya"
  },
  "om": {
    "nameNative": "Oromoo",
    "nameEnglish": "Oromoo"
  },
  "hz": {
    "nameNative": "Otjiherero",
    "nameEnglish": "Herero"
  },
  "os": {
    "nameNative": "Ирон",
    "nameEnglish": "Ossetic, Iron"
  },
  "os-digor": {
    "nameNative": "дигорон",
    "nameEnglish": "Ossetic, Digor"
  },
  "pi": {
    "nameNative": "पाळि",
    "nameEnglish": "Pali"
  },
  "pa-guru": {
    "nameNative": "ਪੰਜਾਬੀ",
    "nameEnglish": "Punjabi [Gurmukhi script]"
  },
  "pa-deva": {
    "nameNative": "पंजाबी",
    "nameEnglish": "Punjabi [Devanagari script]"
  },
  "pa-arab": {
    "nameNative": "پنجابي",
    "nameEnglish": "Punjabi [Arabic script]"
  },
  "pau": {
    "nameNative": "Palauan",
    "nameEnglish": "Palauan"
  },
  "pap": {
    "nameNative": "Papiamentu",
    "nameEnglish": "Papiamento"
  },
  "prk": {
    "nameNative": "Parauk",
    "nameEnglish": "Wa"
  },
  "pam": {
    "nameNative": "Pampangan",
    "nameEnglish": "Kapampangan"
  },
  "paa": {
    "nameNative": "Papuan",
    "nameEnglish": "Papuan"
  },
  "nds": {
    "nameNative": "Plattdüütsch",
    "nameEnglish": "Low Saxon"
  },
  "pdt": {
    "nameNative": "Plautdietsch",
    "nameEnglish": "Plautdietsch"
  },
  "pl": {
    "nameNative": "Polski",
    "nameEnglish": "Polish"
  },
  "pt": {
    "nameNative": "Português",
    "nameEnglish": "Portuguese"
  },
  "pt-pt": {
    "nameNative": "Português de Portugal",
    "nameEnglish": "European Portuguese"
  },
  "pt-br": {
    "nameNative": "Português do Brasil",
    "nameEnglish": "Brazilian Portuguese"
  },
  "prg": {
    "nameNative": "Prūsiskan",
    "nameEnglish": "Prussian"
  },
  "ps": {
    "nameNative": "پښتو",
    "nameEnglish": "Pashto"
  },
  "phn": {
    "nameNative": "Phoenician",
    "nameEnglish": "Phoenician"
  },
  "pms": {
    "nameNative": "piemontèis",
    "nameEnglish": "Piedmontese"
  },
  "piu": {
    "nameNative": "Pintupi-Luritja",
    "nameEnglish": "Pintupi-Luritja"
  },
  "pjt": {
    "nameNative": "Pitjantjatjara",
    "nameEnglish": "Pitjantjatjara"
  },
  "kaa": {
    "nameNative": "Qaraqalpaq tili",
    "nameEnglish": "Karakalpak"
  },
  "crh": {
    "nameNative": "Qırımtatar tili",
    "nameEnglish": "Crimean Tatar"
  },
  "qu": {
    "nameNative": "Runa simi",
    "nameEnglish": "Quechua"
  },
  "rap": {
    "nameNative": "Rapa Nui",
    "nameEnglish": "Rapa Nui"
  },
  "ro": {
    "nameNative": "Română",
    "nameEnglish": "Romanian"
  },
  "rgn": {
    "nameNative": "Romagnòl",
    "nameEnglish": "Romagnol"
  },
  "rom-latn": {
    "nameNative": "Romani",
    "nameEnglish": "Romany [Latin script]"
  },
  "rom-cyrl": {
    "nameNative": "Романи",
    "nameEnglish": "Romany [Cyrillic script]"
  },
  "roo": {
    "nameNative": "Rotokas",
    "nameEnglish": "Rotokas"
  },
  "rtm": {
    "nameNative": "Fäeag Rotuma",
    "nameEnglish": "Rotuman"
  },
  "rm": {
    "nameNative": "Rumantsch",
    "nameEnglish": "Romansh"
  },
  "rue": {
    "nameNative": "Rusyn",
    "nameEnglish": "Rusyn"
  },
  "rue-rs": {
    "nameNative": "Бачваньски руски язик",
    "nameEnglish": "Pannonian Rusyn"
  },
  "ru": {
    "nameNative": "Русский",
    "nameEnglish": "Russian"
  },
  "sg": {
    "nameNative": "Sängö",
    "nameEnglish": "Sango"
  },
  "ari": {
    "nameNative": "Sániš",
    "nameEnglish": "Arikara"
  },
  "sa": {
    "nameNative": "संस्कृत",
    "nameEnglish": "Sanskrit"
  },
  "sc": {
    "nameNative": "Sardu",
    "nameEnglish": "Sardinian"
  },
  "sah": {
    "nameNative": "Саха тыла",
    "nameEnglish": "Yakut"
  },
  "sco": {
    "nameNative": "Scoats",
    "nameEnglish": "Scots"
  },
  "shs": {
    "nameNative": "Secwepemctsín",
    "nameEnglish": "Shuswap"
  },
  "fla": {
    "nameNative": "Séliš",
    "nameEnglish": "Montana Salish"
  },
  "shn": {
    "nameNative": "Shan",
    "nameEnglish": "Shan"
  },
  "scn": {
    "nameNative": "Sicilianu",
    "nameEnglish": "Sicilian"
  },
  "scn-tara": {
    "nameNative": "Tarandíne",
    "nameEnglish": "Tarantino"
  },
  "sml": {
    "nameNative": "Sinama, Central",
    "nameEnglish": "Sinama, Central"
  },
  "sog": {
    "nameNative": "Sogdian",
    "nameEnglish": "Sogdian"
  },
  "ckb": {
    "nameNative": "سۆرانی",
    "nameEnglish": "Soranî"
  },
  "shh": {
    "nameNative": "Sosoni’da̲i̲gwape",
    "nameEnglish": "Shoshoni"
  },
  "sr-cyrl": {
    "nameNative": "Српски",
    "nameEnglish": "Serbian [Cyrillic script]"
  },
  "sr-latn": {
    "nameNative": "Srpski",
    "nameEnglish": "Serbian [Latin script]"
  },
  "sh": {
    "nameNative": "srpskohrvatski",
    "nameEnglish": "Serbo-Croatian"
  },
  "srn": {
    "nameNative": "Sranantogo",
    "nameEnglish": "Sranan Tongo"
  },
  "sq": {
    "nameNative": "Shqipe",
    "nameEnglish": "Albanian"
  },
  "ii": {
    "nameNative": "ꆇꉙ",
    "nameEnglish": "Yi"
  },
  "za": {
    "nameNative": "Saw cuəŋ",
    "nameEnglish": "Zhuang"
  },
  "smi": {
    "nameNative": "Sámi",
    "nameEnglish": "Sami"
  },
  "smi-smn": {
    "nameNative": "anarâškielâ",
    "nameEnglish": "Inari Sami"
  },
  "smi-smk": {
    "nameNative": "самь кӣлл",
    "nameEnglish": "Kildin Sami"
  },
  "smi-smj": {
    "nameNative": "julevsábme",
    "nameEnglish": "Lule Sami"
  },
  "smi-sme": {
    "nameNative": "davvisámegiella",
    "nameEnglish": "Northern Sami"
  },
  "smi-smp": {
    "nameNative": "biđonsámegiella",
    "nameEnglish": "Pite Sami"
  },
  "smi-sms": {
    "nameNative": "sääˊmǩiõll",
    "nameEnglish": "Skolt Sami"
  },
  "smi-sma": {
    "nameNative": "åarjelsaemien gïele",
    "nameEnglish": "Southern Sami"
  },
  "smi-smt": {
    "nameNative": "saa´mekiill",
    "nameEnglish": "Ter Sami"
  },
  "smi-smu": {
    "nameNative": "ubmisámegiella",
    "nameEnglish": "Ume Sami"
  },
  "sd-deva": {
    "nameNative": "सनिध",
    "nameEnglish": "Sindhi [Devanagari script]"
  },
  "sd-arab": {
    "nameNative": "سنڗي",
    "nameEnglish": "Sindhi [Arabic script]"
  },
  "crs": {
    "nameNative": "Seselwa",
    "nameEnglish": "Seychellois Creole"
  },
  "si": {
    "nameNative": "සිංහල",
    "nameEnglish": "Sinhalese"
  },
  "den": {
    "nameNative": "Slavey",
    "nameEnglish": "Slavey"
  },
  "sk": {
    "nameNative": "Slovenčina",
    "nameEnglish": "Slovak"
  },
  "sl": {
    "nameNative": "Slovenščina",
    "nameEnglish": "Slovene"
  },
  "szl": {
    "nameNative": "Ślůnski",
    "nameEnglish": "Silesian"
  },
  "crd": {
    "nameNative": "Snchitsuʼumshtsn",
    "nameEnglish": "Coeur d'Alene Salish"
  },
  "so": {
    "nameNative": "Soomaali",
    "nameEnglish": "Somali"
  },
  "st": {
    "nameNative": "seSotho",
    "nameEnglish": "Sotho"
  },
  "stq": {
    "nameNative": "Seeltersk",
    "nameEnglish": "Saterland Frisian"
  },
  "ss": {
    "nameNative": "siSwati",
    "nameEnglish": "Swati"
  },
  "su": {
    "nameNative": "Bahasa Sunda",
    "nameEnglish": "Sundanese"
  },
  "fi": {
    "nameNative": "Suomi",
    "nameEnglish": "Finnish"
  },
  "sgn": {
    "nameNative": "Sign language",
    "nameEnglish": "Sign language"
  },
  "sgn-au": {
    "nameNative": "Auslan",
    "nameEnglish": "Auslan"
  },
  "sgn-us": {
    "nameNative": "American Sign Language",
    "nameEnglish": "American Sign Language"
  },
  "sgn-gb": {
    "nameNative": "British Sign Language",
    "nameEnglish": "British Sign Language"
  },
  "sgn-ee": {
    "nameNative": "Estonian Sign Language",
    "nameEnglish": "Estonian Sign Language"
  },
  "sgn-cy": {
    "nameNative": "Κυπριακή Νοηματική Γλώσσα",
    "nameEnglish": "Cyprus Sign Language"
  },
  "sgn-gr": {
    "nameNative": "GSL",
    "nameEnglish": "Greek Sign Language"
  },
  "sgn-ie": {
    "nameNative": "Irish Sign Language",
    "nameEnglish": "Irish Sign Language"
  },
  "sgn-cn": {
    "nameNative": "中国手语",
    "nameEnglish": "Chinese Sign Language"
  },
  "sgn-de": {
    "nameNative": "DGS",
    "nameEnglish": "German Sign Language"
  },
  "sgn-fr": {
    "nameNative": "LSF",
    "nameEnglish": "French Sign Language"
  },
  "sgn-ca-qc": {
    "nameNative": "LSQ",
    "nameEnglish": "Sign language"
  },
  "sgn-es": {
    "nameNative": "LSE",
    "nameEnglish": "Spanish Sign Language"
  },
  "sgn-br": {
    "nameNative": "LIBRAS",
    "nameEnglish": "Brazilian Sign Language"
  },
  "sgn-it": {
    "nameNative": "LIS",
    "nameEnglish": "Italian Sign Language"
  },
  "sgn-nl": {
    "nameNative": "NGT",
    "nameEnglish": "Dutch Sign Language"
  },
  "sgn-jp": {
    "nameNative": "日本手話",
    "nameEnglish": "Japanese Sign Language"
  },
  "sgn-no": {
    "nameNative": "NSL",
    "nameEnglish": "Norwegian Sign Language"
  },
  "sgn-ru": {
    "nameNative": "РЖЯ",
    "nameEnglish": "Russian Sign Language"
  },
  "sgn-rs": {
    "nameNative": "Српски знаковни језик",
    "nameEnglish": "Serbian Sign Language"
  },
  "sgn-il": {
    "nameNative": "שפת סימנים ישראלית",
    "nameEnglish": "Israeli Sign Language"
  },
  "sgn-se": {
    "nameNative": "TSP",
    "nameEnglish": "Swedish Sign Language"
  },
  "sv": {
    "nameNative": "Svenska",
    "nameEnglish": "Swedish"
  },
  "sv-fi": {
    "nameNative": "Finlandssvenska",
    "nameEnglish": "Finland Swedish"
  },
  "syc": {
    "nameNative": "ܣܘܪܝܝܐ",
    "nameEnglish": "Syriac"
  },
  "ta": {
    "nameNative": "தமிழ்",
    "nameEnglish": "Tamil"
  },
  "ta-lk": {
    "nameNative": "தமிழ் (இலங்கை)",
    "nameEnglish": "Tamil, Sri Lankan"
  },
  "tl": {
    "nameNative": "Tagalog",
    "nameEnglish": "Tagalog"
  },
  "ttt": {
    "nameNative": "Tati",
    "nameEnglish": "Tat"
  },
  "tet": {
    "nameNative": "Tetun",
    "nameEnglish": "Tetum"
  },
  "to": {
    "nameNative": "lea faka-Tonga",
    "nameEnglish": "Tongan"
  },
  "th": {
    "nameNative": "ภาษาไทย",
    "nameEnglish": "Thai"
  },
  "tfn": {
    "nameNative": "Dena’ina qenaga",
    "nameEnglish": "Dena'ina"
  },
  "tpi": {
    "nameNative": "Tok Pisin",
    "nameEnglish": "Tok Pisin"
  },
  "tab": {
    "nameNative": "табасаран чIал",
    "nameEnglish": "Tabasaran"
  },
  "taq": {
    "nameNative": "Tamasheq",
    "nameEnglish": "Tamasheq"
  },
  "ber": {
    "nameNative": "Berber",
    "nameEnglish": "Berber"
  },
  "tzm": {
    "nameNative": "ⵜⴰⵎⴰⵣⵉⵖⵜ",
    "nameEnglish": "Central Atlas Tamazight"
  },
  "tly": {
    "nameNative": "تالشی زَوُن",
    "nameEnglish": "Talysh"
  },
  "tt": {
    "nameNative": "Татарча",
    "nameEnglish": "Tatar"
  },
  "tsg": {
    "nameNative": "Bahasa Sūg",
    "nameEnglish": "Tausug"
  },
  "tkr": {
    "nameNative": "цӀаӀхна миз",
    "nameEnglish": "Tsakhur"
  },
  "tiw": {
    "nameNative": "Tiwi",
    "nameEnglish": "Tiwi"
  },
  "dgr": {
    "nameNative": "Tłı̨chǫ Yatıì",
    "nameEnglish": "Dogrib"
  },
  "chy": {
    "nameNative": "Tsétsêhéstâhese",
    "nameEnglish": "Cheyenne"
  },
  "tn": {
    "nameNative": "seTswana",
    "nameEnglish": "Tswana"
  },
  "mi": {
    "nameNative": "Reo Māori",
    "nameEnglish": "Maori"
  },
  "rar": {
    "nameNative": "Māori Kūki 'Āirani",
    "nameEnglish": "Cook Islands Māori"
  },
  "ty": {
    "nameNative": "Reo Mā'ohi",
    "nameEnglish": "Tahitian"
  },
  "te": {
    "nameNative": "తెలుగు",
    "nameEnglish": "Telugu"
  },
  "din": {
    "nameNative": "Thuɔŋjäŋ",
    "nameEnglish": "Dinka"
  },
  "vi": {
    "nameNative": "Tiếng Việt",
    "nameEnglish": "Vietnamese"
  },
  "tin": {
    "nameNative": "Tindi",
    "nameEnglish": "Tindi"
  },
  "tlh": {
    "nameNative": "tlhIngan-Hol",
    "nameEnglish": "Klingon"
  },
  "tli": {
    "nameNative": "Lingít",
    "nameEnglish": "Tlingit"
  },
  "ti": {
    "nameNative": "ትግርኛ",
    "nameEnglish": "Tigrinya"
  },
  "ddo": {
    "nameNative": "Цезйас мец",
    "nameEnglish": "Tsez"
  },
  "ve": {
    "nameNative": "tshiVenda",
    "nameEnglish": "Venda"
  },
  "tr": {
    "nameNative": "Türkçe",
    "nameEnglish": "Turkish"
  },
  "ota": {
    "nameNative": "عثمانلیجہ",
    "nameEnglish": "Ottoman Turkish"
  },
  "tk": {
    "nameNative": "Türkmençe",
    "nameEnglish": "Turkmen"
  },
  "tyv": {
    "nameNative": "Тыва дыл",
    "nameEnglish": "Tuvan"
  },
  "uby": {
    "nameNative": "tʷaχəbza",
    "nameEnglish": "Ubykh"
  },
  "twi": {
    "nameNative": "Twi",
    "nameEnglish": "Twi"
  },
  "cim": {
    "nameNative": "Tzimbris",
    "nameEnglish": "Cimbrian"
  },
  "udm": {
    "nameNative": "Удмурт кыл",
    "nameEnglish": "Udmurt"
  },
  "uga": {
    "nameNative": "Ugaritic",
    "nameEnglish": "Ugaritic"
  },
  "ale": {
    "nameNative": "Unangam Tunuu",
    "nameEnglish": "Aleut"
  },
  "udi": {
    "nameNative": "удин муз",
    "nameEnglish": "Udi"
  },
  "udi-old": {
    "nameNative": "Old Udi",
    "nameEnglish": "Old Udi"
  },
  "uk": {
    "nameNative": "Українська",
    "nameEnglish": "Ukrainian"
  },
  "ur": {
    "nameNative": "اُردو",
    "nameEnglish": "Urdu"
  },
  "ug": {
    "nameNative": "ﺋۇيغۇر",
    "nameEnglish": "Uyghur"
  },
  "uz": {
    "nameNative": "O'zbekcha",
    "nameEnglish": "Uzbek"
  },
  "vai": {
    "nameNative": "Vai",
    "nameEnglish": "Vai"
  },
  "vot": {
    "nameNative": "vađđa ceeli",
    "nameEnglish": "Votic"
  },
  "vec": {
    "nameNative": "vèneto",
    "nameEnglish": "Venetian"
  },
  "vro": {
    "nameNative": "Võro kiil",
    "nameEnglish": "Voro"
  },
  "vep": {
    "nameNative": "Vepsän kel'",
    "nameEnglish": "Veps"
  },
  "wa": {
    "nameNative": "Walon",
    "nameEnglish": "Walloon"
  },
  "wbp": {
    "nameNative": "Warlpiri",
    "nameEnglish": "Warlpiri"
  },
  "wrm": {
    "nameNative": "Warumungu",
    "nameEnglish": "Warumungu"
  },
  "wac": {
    "nameNative": "Wasco-Wishram",
    "nameEnglish": "Wasco-Wishram"
  },
  "was": {
    "nameNative": "Washo",
    "nameEnglish": "Washo"
  },
  "pnb": {
    "nameNative": "پنجابی",
    "nameEnglish": "Western Panjabi"
  },
  "war": {
    "nameNative": "Winaray",
    "nameEnglish": "Waray-Waray"
  },
  "wo": {
    "nameNative": "Wolof",
    "nameEnglish": "Wolof"
  },
  "wuu-hans": {
    "nameNative": "吴语",
    "nameEnglish": "Wu Chinese [Simplified script]"
  },
  "wuu-hant": {
    "nameNative": "吳語",
    "nameEnglish": "Wu Chinese [Traditional script]"
  },
  "myp": {
    "nameNative": "xapaitíiso",
    "nameEnglish": "Pirahã"
  },
  "ts": {
    "nameNative": "xiTsonga",
    "nameEnglish": "Tsonga"
  },
  "hai": {
    "nameNative": "X̲aat Kíl",
    "nameEnglish": "Haida"
  },
  "xh": {
    "nameNative": "isiXhosa",
    "nameEnglish": "Xhosa"
  },
  "xum": {
    "nameNative": "Iuku Umbriu",
    "nameEnglish": "Umbrian"
  },
  "ket": {
    "nameNative": "Yenisei Ostyak",
    "nameEnglish": "Ket"
  },
  "yi": {
    "nameNative": "ייִדיש",
    "nameEnglish": "Yiddish"
  },
  "yol": {
    "nameNative": "Yola",
    "nameEnglish": "Yola"
  },
  "yo": {
    "nameNative": "Yorùbá",
    "nameEnglish": "Yoruba"
  },
  "esu": {
    "nameNative": "Yup’ik",
    "nameEnglish": "Yup’ik"
  },
  "zza": {
    "nameNative": "Zazaki",
    "nameEnglish": "Zazaki"
  },
  "zea": {
    "nameNative": "Zeêuws",
    "nameEnglish": "Zeelandic"
  },
  "sgs": {
    "nameNative": "Žemaitėška",
    "nameEnglish": "Samogitian"
  },
  "zu": {
    "nameNative": "isiZulu",
    "nameEnglish": "Zulu"
  },
  "zun": {
    "nameNative": "Zuni",
    "nameEnglish": "Zuni"
  },
  "art": {
    "nameNative": "Constructed Language",
    "nameEnglish": "Constructed Language"
  },
  "art-ido": {
    "nameNative": "Ido",
    "nameEnglish": "Ido"
  },
  "art-ina": {
    "nameNative": "Interlingua",
    "nameEnglish": "Interlingua"
  },
  "art-jbo": {
    "nameNative": "Lojban",
    "nameEnglish": "Lojban"
  },
  "art-lfn": {
    "nameNative": "Lingua Franca Nova",
    "nameEnglish": "Lingua Franca Nova"
  },
  "art-nov": {
    "nameNative": "Novial",
    "nameEnglish": "Novial"
  },
  "art-sjn": {
    "nameNative": "Sindarin",
    "nameEnglish": "Sindarin"
  },
  "art-tlh": {
    "nameNative": "tlhIngan-Hol",
    "nameEnglish": "Klingon"
  },
  "art-tkp": {
    "nameNative": "Toki Pona",
    "nameEnglish": "Toki Pona"
  },
  "art-qya": {
    "nameNative": "Quenya",
    "nameEnglish": "Quenya"
  },
  "art-srs": {
    "nameNative": "Solresol",
    "nameEnglish": "Solresol"
  },
  "art-vo": {
    "nameNative": "Volapük",
    "nameEnglish": "Volapuk"
  }
}