<?xml version="1.0" encoding="UTF-8"?> 
  <rss version="2.0"><channel> 
				<title>RSS Shift Media </title> 
				<description>Blackexpo Fast Landing merupakan website demo dari layanan jasa pembuatan web murah dari 401XD Group Indonesia. Segera konsultasikan pada kami untuk menggunakan jasa pembuatan website murah, agar dapat segera merealisasikan apa yang anda harapkan sil</description>
				<link>http://www.shiftmedia.id/</link> 
				<language>id-id</language><item>
						                <title>Skate Park di Gaza Palestine, Jadi Salah Satu Media Trauma Healing Untuk Anak-Anak</title>
						                <link>http://localhost/BlackexpoFastLanding/berita/detail/skate-park-di-gaza-palestine-jadi-salah-satu-media-trauma-healing-untuk-anakanak</link>
						                <description>dalam berbagai keterbatasan yang ada di Gaza Palestina, masih ada fasilitas yang menunjang kesehatan mental anak-anak untuk tetap memiliki dunianya yaitu fase bermain...dan skateboarding dengan segala experience-nya menjadi salah satu yang memberikan ruang itu bagi mereka, Alhamdulillah#shiftpedia</description>
					                </item><item>
						                <title>Pemerintah Arab Saudi berencana membuat virtual reality ka’bah masjidil haram di Metaverse</title>
						                <link>http://localhost/BlackexpoFastLanding/berita/detail/pemerintah-arab-saudi-berencana-membuat-virtual-reality-ka’bah-masjidil-haram-di-metaverse</link>
						                <description>kondisi pandemi dan berbagai regulasinya jadi salah satu faktor yang semakin mendorong kita pada peradaban digital dan dunia online. belajar online, ngantor online, belanja online jadi hal yang semakin lekat dengan keseharian kita, bahkan kunjungan ke Masjidil Haram Mekah pun kini telah disediakan sarana online nya di metaverse, yang konon avatar kita sampai bisa melihat dan menyentuh kabah, walaupun menurut para ulama hal itu tidaklah bisa dipraktekan sebagai ibadah haji ataupun umroh#shiftpedia</description>
					                </item><item>
						                <title>ISTIQLAL DAN ENERGI RAMAH LINGKUNGAN</title>
						                <link>http://localhost/BlackexpoFastLanding/berita/detail/istiqlal-dan-energi-ramah-lingkungan</link>
						                <description>Instalasi solar sel yang ramah lingkungan menjadi salah satu upaya pencegahan krisis iklim, beberapa masjid di dunia sudah memulai termasuk masjid istiqlal.Percepatan perubahan iklim merupakan hal nyata yang sangat mempengaruhi kehidupan, salah satunya adalah suhu bumi yang makin meningkat. Hal ini banyak menjadikan para aktivis ataupun NGO bahu membahu mengkampanyekan tentang isu ini.instalasi solar sel ini memang masih kurang populer dan terhitung mahal dipemasangan awal, sehingga belum bisa diterapkan secara masal, tapi seperti halnya internet & gadget yang juga mahal di awal kemunculannya, begitu juga dengan energi ramah lingkungan inipun semoga nanti bisa lebih terjangkau oleh masyarakat luas demi bumi yang lebih sehat#shiftpedia</description>
					                </item><item>
						                <title>401XD IT Project by BlackRose</title>
						                <link>http://localhost/BlackexpoFastLanding/berita/detail/401xd-it-project-by-blackrose</link>
						                <description>
401XD IT Project
by BlackRose

Daftar proyek pemrograman
Aplikasi Metode dan Algoritma
Aplikasi Metode Sistem Pakar
Aplikasi Metode Data Mining
Aplikasi Web Sistem Informasi
Aplikasi Web Media Informasi
Aplikasi Web Marketplace & E-Commerce
Aplikasi Web SMM & PPOB KM Panel
Aplikasi Web Tool & Lainnya
Daftar panduan pemrograman
Panduan Database & Pemrograman
Panduan Website, Blog, Hosting & Domain
Rekomendasi web hosting
DOMAINESIA
IDWEBHOST
NIAGAHOSTER
Kode voucher web hosting
DOMAINESIADiskon 20%: MYCODING
IDWEBHOSTDiskon 10%: aff-MYCODING
NIAGAHOSTERDiskon 5%: MYCODING

Jasa pemrograman web
Hubungi kami di kontak berikut
Developer
BlackRose
401XD Group Indonesia
Email
Mycoding@401xd.com
Whatsapp
+6282377823390
Blog
MyCoding.NET
Youtube
@MyCodingXD
Instagram
@MyCodingXD
Facebook
@MyCodingXD
Best regards!

</description>
					                </item><item>
						                <title>Cara Repsol Honda Jaga Kepercayaan Diri Marquez</title>
						                <link>http://localhost/BlackexpoFastLanding/berita/detail/cara-repsol-honda-jaga-kepercayaan-diri-marquez</link>
						                <description>AALST – Direktur Honda Racing Coorporation (HRC), Tetsuhiro Kuwata, mengatakan kalau timnya selalu berusaha merakit motor terbaik untuk Marc Marquez. Hal itu mereka lakukan guna menjaga kepercayaan diri sang pembalap di lintasan.

Tetsuhiro mengatakan, memiliki pembalap sekaliber Marquez, membuat timnya selalu berusaha menciptakan mesin terbaik, agar sang pembalap tak lagi terlalu memikirkan untuk meningkatkan performa motor dan hanya fokus untuk meraih hasil terbaik pada setiap balapan .

“Sudah jadi tugas dan target kami memberi Marc (Marquez) mesin terbaik. Jika kami bisa memberinya motor dengan level tinggi, maka ini jelas akan memberikan kepercayaan diri yang lebih tinggi saat berkendara, hingga ia bisa benar-benar konsentrasi pada balapan. Dengan begitu, ia bisa meraih hasil baik,” ujar Kuwata , melansir dari laman GPOne, Senin (15/7/2019).
</description>
					                </item><item>
						                <title>Kalahkan Federer, Djokovic Juara Wimbledon</title>
						                <link>http://localhost/BlackexpoFastLanding/berita/detail/kalahkan-federer-djokovic-juara-wimbledon</link>
						                <description>LONDON – Novak Djokovic meraih gelar juara di ajang Wimbledon 2019 kali ini. Petenis asal Serbia itu keluar sebagai juara usai mengalahkan pesaing terberatnya, Roger Federer pada laga final yang berlangsung Minggu 14 Juli 2019.

Persaingan ketat tersaji antara Djokovic dan Federed di partai final. Keduanya bahkan harus bermain hingga lebih dari lima jam di laga final kali ini. Kejar-kejaran poin juga terus terjadi di set pertama hingga keduanya berada di skor 6-6. Akan tetapi, Djokovic akhirnya mampu menang di set pertama lewat tie break 7-5.

Hal serupa juga terjadi di set kedua dan tiga. Seakan tak ingin melakukan kesalahan, kedua pemain begitu berhati-hati dalam melepaskan pukulan. Akan tetapi, Federer yang lebih dominan akhirnya mampu mengatasi perlawanan Djokovic dengan cukup mudah.
</description>
					                </item><item>
						                <title>Meski Akui Sudah Sulit Menang, Rossi Belum Mau Menyerah</title>
						                <link>http://localhost/BlackexpoFastLanding/berita/detail/meski-akui-sudah-sulit-menang-rossi-belum-mau-menyerah</link>
						                <description>LESMO – Pembalap Monster Energy Yamaha, Valentino Rossi, mengakui kalau dirinya sudah mulai kesulitan untuk bisa meraih kemenangan di kelas utama saat ini. Kendati begitu, ia mengaku masih belum mau menyerah dan akan tetap berjuang hingga akhir musim.

Meski terlihat masih cukup mampu bersaing untuk podium musim ini, kemenangan terakhir Rossi diraihnya pada seri Belanda 2017 lalu. Sejak saat itu, The Doctor –julukan Rossi– sudah melewati 37 balapan tanpa kemenangan.

Catatan ini merupakan losing streak terpanjang kedua yang pernah ia alami dalam kariernya. Sebelumnya, Rossi juga pernah merasakan 44 balapan tanpa kemenangan pada akhir 2010 sampai awal 2013.
</description>
					                </item><item>
						                <title>Peta Wisata Bandung, Mulai dari Lembang - Ciwidey</title>
						                <link>http://localhost/BlackexpoFastLanding/berita/detail/peta-wisata-bandung-mulai-dari-lembang--ciwidey</link>
						                <description>Jakarta Peta wisata Bandung banyak dicari para traveler. Maklum, Bandung mempunyai banyak sekali destinasi yang perlu dikunjungi. Apalagi sebagai salah satu destinasi yang sering dikunjungi, Bandung sudah sangat terkenal baik bagi wisatawan asing maupun domestik.  

Kamu bisa menikmati berbagai tempat wisata, mulai dari wisata alam, wisata edukasi untuk anak-anak, serta wisata keluarga di Bandung. Tidak salah rasanya orang-orang menyebut Bandung sebagai Paris Van Java.

Peta wisata Bandung terdiri dari wisata di Kota Bandung, Lembang, serta Ciwidey. Setiap tahunnya tempat-tempat wisata tersebut selalu dipenuhi oleh wisatawan yang berkunjung.

Berikut Liputan6.com rangkum dari berbagai sumber, Minggu (30/6/2019) tentang peta wisata Bandung

Peta wisata bandung bisa dimulai dari tempat wisata di Lembang. Beberapa tempat wisata yang bisa kamu kunjungi di lembang sebagai peta wisata bandung ini sebagai berikut:

Tangkuban Perahu

Siapa tak kenal dengan tempat wisata yang satu ini? Wahana wisata gunung dan kawah paling terkenal di Bandung ini sering menjadi tujuan wisatawan saat libur hari biasa, termasuk Lebaran.

Lokasinya hanya sekitar 30 kilometer dari pusat kota Bandung menuju ke arah utara. Selain itu, harga tiket masuk ke Tangkuban Perahu cukup terjangkau. Rp 22 ribu (hari biasa) dan Rp 31 ribu (hari libur atau weekend) per orangnya.

Di sini, pengunjung bisa menikmati keindahan alam yang tersaji bersama keluarga atau kerabat saat mengisi liburan nanti.

Dusun Bambu Family Leisure Park Lembang

Dusun Bambu Family Leisure Park adalah sebuah resor dan juga tempat wisata yang berada di kaki Gunung Burangrang, Cisarua, Lembang. Keunikan yang dimiliki tempat wisata ini bisa kamu lihat dari sebuah danau besar yang dikelilingi bangunan pondokan yang terbuat dari bambu di tepiannya.

Karenna pemandangannya yang sangat romantis itu, tak heran jika tempat ini juga sering digunakan untuk foto pre-wedding. Kawasan Dusun Bambu merupakan salah satu tempat wisata di Lembang yang lagi hits.

Lokasi ini menawarkan wisata alam dan kuliner yang dilengkapi berbagai wahana permainan. Tak ketinggalan spot-spot cantik untuk penggila selfie maupun fotografi. Dengan 15.000 rupiah, kamu dapat menikmati suasana di Dusun Bambu ini.
</description>
					                </item><item>
						                <title>Alasan Taman Bunga Ditutup Bikin Geleng Kepala</title>
						                <link>http://localhost/BlackexpoFastLanding/berita/detail/alasan-taman-bunga-ditutup-bikin-geleng-kepala</link>
						                <description>Jakarta Wisata kota tua Jakarta tentunya menjadi salah satu tujuan utama liburan bagi wisatawan saat berkunjung ke Jakarta. Bagi orang-orang yang tinggal di Jakarta tentunya sudah tidak asing lagi dengan tempat ini yang biasanya sangat ramai di hari libur. 

Wisata kota tua Jakarta menyuguhkan berbagai arsitektur bersejarah yang merupakan peninggalan masa penjajahan Belanda. Kawasan ini juga sering dikunjungi oleh banyak wisatawan lokal hingga mancanegara.

Apalagi sebagai kawasan dengan bangunan-bangunan tua, maka terdapat begitu banyak spot menarik untuk berfoto bagi semua kalangan. Hal inilah yang menambah ketertarikan wisatawan untuk berkunjung ke wisata kota tua Jakarta ini.

Berikut Liputan6.com rangkum dari berbagai sumber, Rabu (10/7/2019) tentang wisata kota tua Jakarta

Museum Fatahillah

Tentunya destinasi utama dari wisata kota tua Jakarta adalah Museum Fatahillah. Dapat dikatan bahwa Museum Fatahillah merupakan ikon utama dari wisata kota tua Jakarta karena banyak sekali orang-orang yang berfoto di halamannya. Apalagi museum ini merupakan saksi bisu perjuangan masyarakat Indonesia dalam menncapai kemerdekaan.

Museum ini dulunya merupakan gedung balai kota yang juga sekaligus sebagai ruang pengandilan. Bahkan ada juga penjara bawah tanah. Karena itulah masih banyak barang-barang peninggalan dari zaman Belanda yang terdapat di dalam Museum Fatahillah.

Dulunya museum Fatahillah lebih terkenal disebut dengan Museum Batavia pada zaman penjajahan VOC. Jangan sampai melewatkan kunjungan ke salah satu wisata kota tua Jakarta paling ikonik ini.
</description>
					                </item><item>
						                <title>Ini 3 Fakta Tentang Hari Raya Umat Islam Sedunia</title>
						                <link>http://localhost/BlackexpoFastLanding/berita/detail/ini-3-fakta-tentang-hari-raya-umat-islam-sedunia</link>
						                <description>Ketika umat Islam di seluruh dunia mengucapkan &#39;selamat jalan Ramadan&#39;, maka itulah saat ketika mereka bersiap untuk menyambut Idul Fitri, hari raya Muslim yang menandai akhir Bulan Suci.

Tahun ini, sebagian besar negara merayakan Idulfitri pada tanggal 5 Juni, namun ada pula yang menjalankannya pada 4 Juni, tergantung pada penglihatan hilal atau Bulan sabit muda di lokasi masing-masing.

Arab Saudi, Kuwait, Qatar, dan Uni Emirat Arab berlebaran pada Selasa, sedangkan Mesir, Suriah, Yordania, Indonesia, Jepang, Malaysia, Thailand, Pakistan dan Australia memulai pada Rabu. Demikian seperti dikutip dari Al Jazeera, Selasa (4/6/2019)

Apakah Idul Fitri itu?

Dalam kamus KBBI, Idulfitri berarti hari raya umat Islam yang jatuh pada tgl 1 Syawal setelah selesai menjalankan ibadah puasa selama bulan Ramadan.

Secara tradisional, Idul Fitri dirayakan selama dua hari dan ditetapkan sebagai libur nasional di semua negara yang mayoritas penduduknya adalah Muslim.

Bagaimana awal lebaran ditentukan?

Seperti Ramadan, Idul Fitri dimulai dengan penampakan pertama Bulan baru atau hilal. Jadi biasanya, umat Islam harus menunggu sampai malam sebelum Idulfitri, untuk memverifikasi tanggalnya. Jika hilal tidak terlihat, maka puasa Ramadan akan dibulatkan penuh menjadi 30 hari dan Idul Fitri jatuh tepat sehari setelah puasa usai.

Penanggalan Idul Fitri berubah setiap tahun pada kalender Gregorian dan bervariasi dari satu negara ke negara lain, bergantung pada lokasi geografis.
</description>
					                </item></channel>
  	</rss>