<?xml version="1.0"?> 
<rss version="2.0"> 
<channel> 
<title>.:: SwaraKalibata.com ::.</title> 
<link>http://swarakalibata.com</link> 
<description>Feed Description</description> 
<language>en-us</language><item>
                 <title>Bahaya Mendiagnosis Penyakit Lewat Internet</title>
                 <link>http://swarakalibata.com/berita-bahaya-mendiagnosis-penyakit-lewat-internet.html</link>
                 <description>
Apakah Anda mengunjungi &amp;quot;dokter Google&amp;quot; lebih sering dari dokter di 
klinik? Anda tidak sendiri. Dalam sebuah survei tahun lalu di Amerika 
diketahui bahwa 35 persen responden mencocokkan gejala penyakitnya di 
internet dan mendiagnosis dirinya sendiri.


Masih menurut survei 
yang dilakukan The Pew Research Center&amp;#39;s Internet &amp;amp; American Life 
Project itu, sekitar 41 responden mengatakan diagnosis sendiri itu 
ternyata dikonfirmasi kebenarannya oleh ...</description>
                 </item><item>
                 <title>Ketika "Ciyus" Terucap dari Mulut Jokowi</title>
                 <link>http://swarakalibata.com/berita-ketika-ciyus-terucap-dari-mulut-jokowi.html</link>
                 <description>
Kata ciyus atau serius sering terdengar diucapkan anak-anak 
zaman sekarang yang sering dijuluki anak baru gede (ABG). Nah, ketika 
bahasa gaul itu diucapkan oleh Joko Widodo, para pewarta yang bertugas 
meliput kegiatan Gubernur DKI Jakarta itu tak bisa menahan tawa karena 
nadanya yang sedikit medok.


Terhitung sudah dua kali Jokowi 
melontarkan kata itu kepada wartawan.    Pertama, saat Jumat (18/1/2013)
malam lalu, ketika Jokowi meninjau perbaikan Tanggul Kanal Banjir ...</description>
                 </item><item>
                 <title>Hary Tanoe Mundur dari Partai Nasdem</title>
                 <link>http://swarakalibata.com/berita-hary-tanoe-mundur-dari-partai-nasdem.html</link>
                 <description>
Ketua Dewan Pakar DPP Partai Nasional Demokrat (Nasdem) Hary Tanoesoedibjo menyatakan mundur dari keanggotaan Partai Nasdem. Hal itu disampaikannya secara resmi dalam jumpa pers, Senin (21/1/2013), di Jakarta.


&amp;quot;Saya menyatakan mundur dalam kapasitas saya sebagai Ketua Dewan Pakar. Mulai hari ini, saya bukan lagi anggota dari Partai Nasdem. Keputusan ini saya lakukan dengan berat hati,&amp;quot; kata Hary.


Ia menyatakan, sejak bergabung dengan Partai Nasdem pada 9 Oktober ...</description>
                 </item><item>
                 <title>Banjir Jakarta, Kerugian Ekonomi Capai Rp 1 Triliun</title>
                 <link>http://swarakalibata.com/berita-banjir-jakarta-kerugian-ekonomi-capai-rp-1-triliun.html</link>
                 <description>
Ketua Asosiasi Pengusaha Indonesia Sofjan Wanandi mengatakan, banjir yang melanda Jakarta sepekan ini telah menimbulkan kerugian ekonomi yang cukup tinggi. Biaya bencana yang ditanggung untuk sekadar menyediakan makan&amp;nbsp; bagi para pengungsi pun mencapai Rp 1 miliar lebih. 


Hal itu disampaikan Sofjan, saat ditemui di area bencana banjir di Penjaringan, Jakarta Utara, Minggu (20/1/2013).


Sofjan menegaskan, tak bergeraknya roda ekonomi di Jakarta akibat bencana banjir ...</description>
                 </item><item>
                 <title>Roy Suryo Menpora, SBY Dipertanyakan</title>
                 <link>http://swarakalibata.com/berita-roy-suryo-menpora-sby-dipertanyakan.html</link>
                 <description>
Pengamat politik dari Charta Politika, Yunarto Wijaya mempertanyakan dasar keputusan SBY menunjuk Roy Suryo sebagai Menpora. Apalagi, kata Yunarto, ada pernyataan SBY yang menegaskan Roy cakap untuk mengemban tugas sebagai Menpora.


Menurut Yunarto, Roy selama ini lebih dikenal sebagai pakar foto digital dan video serta dosen di sebuah perguruan tinggi negeri. &amp;quot;Namun, belum terdengar kiprahnya di bidang kepemudaan dan olahraga,&amp;quot; kata Yunarto. Sementara, tugas Menpora ...</description>
                 </item></channel></rss>