{
  "Sheet1": [
    {
      "name": "Rumah Bicara Kebun Jeruk - Konseling dengan Psikolog",
      "rating": "5.0",
      "phone": "082123265088",
      "lat": "-6.1934965",
      "lon": "106.7723783",
      "addresse": "Jl. Kb. Jeruk Baru No.8, Kb. Jeruk, Kec. Kb. Jeruk, Jakarta, Daerah Khusus Ibukota Jakarta 11530",
      "link": "https://goo.gl/maps/TfAjMaorZq2fTefs5"
    },
    {
      "name": "Lifespring Counseling & Care Center (Tanjung Duren)",
      "rating": "4.1",
      "phone": "02130047780",
      "lat": "-6.1750354",
      "lon": "106.7891959",
      "addresse": "Jl. Tanjung Duren Raya No No.Kav 5-9, RT.3/RW.5, Tj. Duren Sel., Kec. Grogol petamburan, Kota Jakarta Barat, Daerah Khusus Ibukota Jakarta 11470",
      "link": "https://goo.gl/maps/ioxwDWsSYNq97nTc7"
    },
    {
      "name": "Konseling Keluarga",
      "rating": "5.0",
      "phone": "081806530253",
      "lat": "-6.1824097",
      "lon": "106.7289197",
      "addresse": "Rukan Puri Mansion Blok A No, Jl. Lkr. Luar Barat No.3, RT.2/RW.1, Kembangan Sel., Kec. Kembangan, Kota Jakarta Barat, Daerah Khusus Ibukota Jakarta 11610",
      "link": "https://goo.gl/maps/1KraX6paeDjEcNVH9"
    },
    {
      "name": "Klinik Psikoneurologi Hang Lekiu, Tes Psikologi, & PKBM Metakognisi dan Homeschooling",
      "rating": "4.4",
      "phone": "082299848636",
      "lat": "-6.2210652",
      "lon": "106.7635369",
      "addresse": "Jl. Permata Mediterania Raya, RT.9/RW.3, Srengseng, Kec. Kembangan, Kota Jakarta Barat, Daerah Khusus Ibukota Jakarta 11630",
      "link": "https://goo.gl/maps/6KF7q217Mnn7jj3XA"
    },
    {
      "name": "Psikolog Jennyfer",
      "rating": "5.0",
      "phone": "081287968664",
      "lat": "-6.1824304",
      "lon": "106.7257582",
      "addresse": "Perumahan Puri Mansion, Jl. Atlanta III No.58, Kembangan Sel., Kec. Kembangan, Kota Jakarta Barat, Daerah Khusus Ibukota Jakarta 11610",
      "link": "https://goo.gl/maps/7m2QM7DvDvYzEgVFA"
    },
    {
      "name": "Biro Konsultasi Psikologi Bicarakan.id - Konseling dengan Psikolog",
      "rating": "5.0",
      "phone": "081918335434",
      "lat": "-6.2236972",
      "lon": "106.7844578",
      "addresse": "Belleza BSA Suite, Jl. Permata Hijau No.SA1-06, Grogol Utara, Kec. Kby. Lama, Jakarta, Daerah Khusus Ibukota Jakarta 12210",
      "link": "https://goo.gl/maps/LAMXaZiiKdHR9UkW9"
    },
    {
      "name": "Ipeka Counseling Center",
      "rating": "4.7",
      "phone": "02129669111",
      "lat": "-6.1529799",
      "lon": "106.7148452",
      "addresse": "Kompleks Daan Mogot Baru Jl. Tampak Siring Blok KJL, RT./RW:/RW.02, Kalideres, Kec. Kalideres, Kota Jakarta Barat, Daerah Khusus Ibukota Jakarta 11840",
      "link": "https://goo.gl/maps/DwU6kx998BBhBbuo9"
    },
    {
      "name": "Smile Consulting Indonesia",
      "rating": "4.9",
      "phone": "081806767555",
      "lat": "-6.1794213",
      "lon": "106.7973799",
      "addresse": "Jl. Wijaya Kusuma No.2, RT.1/RW.1, Jatipulo, Kec. Palmerah, Kota Jakarta Barat, Daerah Khusus Ibukota Jakarta 11430",
      "link": "https://goo.gl/maps/iQrP1iphX6gNUat89"
    },
    {
      "name": "Personal Growth",
      "rating": "4.5",
      "phone": "02158903862",
      "lat": "-6.1923586",
      "lon": "106.7440962",
      "addresse": "Rukan Aries Niaga, Jl. Taman Aries Blok A1 No.1B, RT.5/RW.9, Meruya Utara, Kec. Kembangan, Kota Jakarta Barat, Daerah Khusus Ibukota Jakarta 11620",
      "link": "https://goo.gl/maps/DocNsvuoaxxvNkn57"
    },
    {
      "name": "Smart Mind center Consulting",
      "rating": "4.4",
      "phone": "081318287148",
      "lat": "-6.1763866",
      "lon": "106.7882191",
      "addresse": "Mediterania Garden Residences 2, Jl. Tanjung Duren Timur No.2, RT.9/RW.5, South Tanjung Duren, Grogol petamburan, West Jakarta City, Jakarta 11470",
      "link": "https://goo.gl/maps/vivk4rkpVrgXDAD37"
    },
    {
      "name": "Praktek Psikolog Maria Ulfah M.Psi",
      "rating": "5.0",
      "phone": "082110186075",
      "lat": "-6.1484109",
      "lon": "106.5035513",
      "addresse": "Jl. Palem Bintang 1 No.5, RT.3/RW.13, Pegadungan, Kec. Kalideres, Kota Jakarta Barat, Daerah Khusus Ibukota Jakarta 11830",
      "link": "https://goo.gl/maps/tjrvaBiJ9BJMhzJP9"
    },
    {
      "name": "Klinik & Akademi Hipnoterapi Keluarga, Jakarta",
      "rating": "4.8",
      "phone": "0818716959",
      "lat": "-6.1484109",
      "lon": "106.5035513",
      "addresse": "Jl. Buana Biru Besar Permata Buana No.11, RT.1/RW.9, Kembangan Utara, Kec. Kembangan, Kota Jakarta Barat, Daerah Khusus Ibukota Jakarta 11610",
      "link": "https://goo.gl/maps/48ed3Sm2Gy1TfL7u5"
    },
    {
      "name": "Ohana Space - Psychology Space",
      "rating": "5.0",
      "phone": "02131112920",
      "lat": "-6.1484109",
      "lon": "106.5035513",
      "addresse": "Green Lake City, Rukan CBD Blok M Nomor 18A, RT.10/RW.11, Ketapang, Kec. Cipondoh, Kota Tangerang, Banten 15147",
      "link": "https://goo.gl/maps/bWh4WfVT2uNkDQwj6"
    },
    {
      "name": "PERHATI Counseling & Care Center",
      "rating": "4.9",
      "phone": "02166607490",
      "addresse": "Jl. Pluit Selatan Raya No.60, RT.21/RW.6, Pluit, Kec. Penjaringan, Kota Jkt Utara, Daerah Khusus Ibukota Jakarta 14450",
      "link": "https://goo.gl/maps/mnU9EYXJRo2dY95B7"
    },
    {
      "name": "Ibunda.id",
      "rating": "4.9",
      "phone": "081915237935",
      "addresse": "Blok Rini No, Jl. Ampera Raya No.12A, RT.6/RW.2, Ragunan, Kec. Ps. MingguJakarta, Kota Jakarta Selatan, Daerah Khusus Ibukota Jakarta 12540",
      "link": "https://goo.gl/maps/WWj4KZfsuMyojxVE9"
    },
    {
      "name": "Gading Counseling & Empowerment Center",
      "rating": "4.8",
      "phone": "02129574201",
      "addresse": "Gading Bukit Indah, blok U no 1 sebelah RS Mitra, Jl. Raya Bukit Gading No.1, RT.18/RW.8, Klp. Gading Bar., Kec. Klp. Gading, Kota Jkt Utara, Daerah Khusus Ibukota Jakarta 14240",
      "link": "https://goo.gl/maps/V2aqoxLBLZ9V2MRNA"
    }
  ]
}